{
	"partitions" : [
		{
			"name" : "Top",
			"pins" : [
				{
					"name" : "PHY_TX[0]",
					"strict" : false
				},
				{
					"name" : "PHY_TX[1]",
					"strict" : false
				},
				{
					"name" : "PHY_TX[2]",
					"strict" : false
				},
				{
					"name" : "PHY_TX[3]",
					"strict" : false
				},
				{
					"name" : "PHY_TX_EN",
					"strict" : false
				},
				{
					"name" : "PHY_RESET_N",
					"strict" : false
				},
				{
					"name" : "ESI",
					"strict" : false
				},
				{
					"name" : "ECS",
					"strict" : false
				},
				{
					"name" : "DCLK",
					"strict" : false
				},
				{
					"name" : "DATAOUT",
					"strict" : false
				},
				{
					"name" : "FLASH_NCE",
					"strict" : false
				},
				{
					"name" : "NCONFIG",
					"strict" : false
				},
				{
					"name" : "FPGA_PTT",
					"strict" : false
				},
				{
					"name" : "ANT",
					"strict" : false
				},
				{
					"name" : "TUNE",
					"strict" : false
				},
				{
					"name" : "VNA",
					"strict" : false
				},
				{
					"name" : "UO0",
					"strict" : false
				},
				{
					"name" : "UO1",
					"strict" : false
				},
				{
					"name" : "UO2",
					"strict" : false
				},
				{
					"name" : "UO3",
					"strict" : false
				},
				{
					"name" : "UO4",
					"strict" : false
				},
				{
					"name" : "UO5",
					"strict" : false
				},
				{
					"name" : "UO6",
					"strict" : false
				},
				{
					"name" : "led1",
					"strict" : false
				},
				{
					"name" : "led2",
					"strict" : false
				},
				{
					"name" : "led3",
					"strict" : false
				},
				{
					"name" : "led4",
					"strict" : false
				},
				{
					"name" : "PHY_MDIO",
					"strict" : false
				},
				{
					"name" : "MCU_RES",
					"strict" : false
				},
				{
					"name" : "MCU_DATA",
					"strict" : false
				},
				{
					"name" : "MCU_CLOCK",
					"strict" : false
				},
				{
					"name" : "MCU_EN",
					"strict" : false
				},
				{
					"name" : "PTT_2",
					"strict" : false
				},
				{
					"name" : "PHY_CLK125",
					"strict" : false
				},
				{
					"name" : "KEY_DOT",
					"strict" : false
				},
				{
					"name" : "KEY_DASH",
					"strict" : false
				},
				{
					"name" : "DATAIN",
					"strict" : false
				},
				{
					"name" : "PHY_RX[0]",
					"strict" : false
				},
				{
					"name" : "PHY_RX[2]",
					"strict" : false
				},
				{
					"name" : "PHY_RX[3]",
					"strict" : false
				},
				{
					"name" : "PHY_RX[1]",
					"strict" : false
				},
				{
					"name" : "PHY_RX_DV",
					"strict" : false
				},
				{
					"name" : "ESO",
					"strict" : false
				}
			]
		}
	]
}